source_dataset,source_row_id,label_3intent
solver_policy,ddb0833de7f0f716da3b6b069daa5a7e70850cfe,RAISE
solver_policy,190b2b1e3171c4215e531df89d8d94e67e6365b9,RAISE
solver_policy,9941aeb95b77118a0ffcfbe3a04b119e154feb5e,RAISE
solver_policy,452c64f62fc92373f6658e96b78e591106f2d2aa,NO_INVEST
solver_policy,17662ca5fbfffdcc2f4ad070036f86fae30b3982,RAISE
solver_policy,b48053970b7a35275a15086ffff9db743ad8a119,NO_INVEST
solver_policy,0e5539d37cabd20147e210a92f336cdf325eb119,NO_INVEST
solver_policy,fd9117d0ee1bdd56ae91fced2a3624ae3c339923,NO_INVEST
solver_policy,d30efd16712ad37b1e189259df4c67a0da03b4a6,RAISE
solver_policy,ffbe8ffafab1f7b4be25645d1b474026ad9ec75f,NO_INVEST
solver_policy,480ebfadbf4aec48a245677eb47d5a7c3e86fa2f,RAISE
solver_policy,263a2e33632cbed86af080522dcd5d28b92b6b07,RAISE
solver_policy,b34ac9fd12ddfe8ccd17c0a3f9708b57ecf5705d,NO_INVEST
solver_policy,a958385415facd6a2aebd66ecd42716afaf94923,NO_INVEST
solver_policy,8a8ab46cdf2032adac78a2ebcbea4aa16cb36841,RAISE
solver_policy,f3f4691564237f671ba47b09a6904c1e1e80af42,RAISE
solver_policy,ed3164db821505528461c2145214a6131f7e686e,NO_INVEST
solver_policy,a7d10bc25be6dc9c1c97c47d115524ddeb00b469,NO_INVEST
solver_policy,8a46d12b2e0ba85f4d4e2ca0a212f4c0595c1a6e,RAISE
solver_policy,0754ee546767f342704767448a9333a2d5263f4c,RAISE
solver_policy,c09889952de15cd3a2bfcb68b52270114a1785c9,RAISE
solver_policy,e2f9fc3dc4ad37488a5bf1e7adf65e37235d9948,NO_INVEST
solver_policy,3efd631c46bcfc26160ec6ac2818f164afa58d66,NO_INVEST
solver_policy,537dd78e31d168cdecdf5f3dcb668b8c441d8d1d,NO_INVEST
solver_policy,095736370149dcad6765a4f58c4551fa47b7c585,NO_INVEST
solver_policy,2c8b2887f122d5b4f2887576df8d1fb265ea5ad4,NO_INVEST
solver_policy,95b91cbff6fe01f913a6b24f9e76569165b83201,RAISE
solver_policy,300920dedcb1709ec567ffce82171cc0936b931e,NO_INVEST
solver_policy,f11eee8755a8f2b7c0db2f0fe8120e7f9287626f,NO_INVEST
solver_policy,ad5b1f725ae9fdd1366806812059b7c003353580,RAISE
solver_policy,b80e8032ca610449d939084a059ad8fe34194775,NO_INVEST
solver_policy,ac576ddcc4ffa6796faaec1815592614bd48e656,RAISE
solver_policy,25259b8fc0c80aae89be57827f71bf72cbc8007d,RAISE
solver_policy,3b0d4444126d30c69fb95308646abe0dc02ff86e,RAISE
solver_policy,deebb00c0bddb0c2f825432aa6e1c19d6d6f1d22,RAISE
solver_policy,3959aa787ae86e93485cf4abb579022d486dfc9b,RAISE
solver_policy,7ff585305ad94becfefc0d37ae59022aca0fea0f,RAISE
solver_policy,2713ff1c215ae355b6c0a594e94e1a39f09e7ff5,NO_INVEST
solver_policy,8df3f81b6560c962331b335b93f1d9c03ea5331d,RAISE
solver_policy,3733dc5c2bb17259f3f7234219cfd455fbe71c20,RAISE
solver_policy,7db697b03291db36f179304a44b0a64faefa0833,NO_INVEST
solver_policy,22accdfed1fd20e7d1eb00460e464c1802d31972,NO_INVEST
solver_policy,aa5f78d96c8dd62e9b0ae9090adb20b1cb5b8835,NO_INVEST
solver_policy,6517e6f64808e291d9f3e9c6213269a7bca78e5c,NO_INVEST
solver_policy,62827acddc90792c3ba2cfd20216f650eb2dd740,RAISE
solver_policy,fa1e52c3dc41e61d8a2507d16410e49c0cb16fec,NO_INVEST
solver_policy,d60e11c2f026fb8b53928a8b44f1b3332c61935c,NO_INVEST
solver_policy,d3143ed273f7eebb4ec2973db15f5550974b17d9,NO_INVEST
solver_policy,5f3e6e04f08d52d48b2f3c458b0976ff96c434ff,NO_INVEST
solver_policy,36204fa14a08b6778d18045f3efcb0c6750201e4,RAISE
solver_policy,172805870f67274c79a04d69b22bba9fd0b26b7c,NO_INVEST
solver_policy,9a3ab24aad78388f11d00025cb510270d4d3ad52,NO_INVEST
solver_policy,d57c5a289419a22838f451c3f489d7dbc457fbf0,NO_INVEST
solver_policy,d55140cef4948fa7b36318c25a79b92f958d0b2e,NO_INVEST
solver_policy,3ae8b03801d9d0096d5e4f37d55b7213da1c9732,NO_INVEST
solver_policy,2d8ac6c5f72a68ae1578690308d33453e4522f5b,NO_INVEST
solver_policy,d50f319a83a8aff36ad6bc236666839ccab2c1f0,NO_INVEST
solver_policy,03bffe6ead297bc3e303b30bf4f7442e72b72b10,RAISE
solver_policy,7893c191bac270f83cbca46ade857aaa91cc20b2,RAISE
solver_policy,02e5e4d90e97ab1c9efb6c994a7e55c848eea3b8,RAISE
solver_policy,f7a1f8315693b7c3b86b84d7a95ba7a39aee7169,RAISE
solver_policy,6f66c86d12da40a40d35c44cd0d08c9b88e19560,RAISE
solver_policy,d2ca495f1c450af3554b31c48feb815f03de8e5b,RAISE
solver_policy,a2385422f8cea0c02c9aa3d78107700a5a149f79,NO_INVEST
solver_policy,c26dcd832882db58e48a492febad0b103ae6b902,NO_INVEST
solver_policy,4a4b7127b0279a1e4c54423ae2ac60f846a37fd4,NO_INVEST
solver_policy,eb0af30704c5fa1a2e644403d15e90d3a3f138d1,RAISE
solver_policy,079d5a02b81e9d75849af9b44eb8156a01fbec4e,NO_INVEST
solver_policy,5fb89bda2b65322dfacff577845b33c30bf8c2bd,NO_INVEST
solver_policy,618190d2932fd7a513431792d41c1011fb973940,RAISE
